userId,movieId,rating
5403884,1598778,10
5446707,1598778,10
5523873,1598778,9
4217816,1598778,9
5500743,1598778,7
5554985,1598778,8
5541729,1598778,9
5552608,1598778,10
5433973,1598778,8
5509477,1598778,9
5551940,1598778,
2487024,1598778,7
2489350,1598778,
2499693,1598778,7
5564723,1598778,8
2508885,1598778,
2486753,1598778,8
5539680,1598778,9
2486683,1598778,8
5477997,1598778,8
5557385,1598778,8
5554971,1598778,8
2506502,1598778,
2550384,1598778,
2486252,1598778,8
5530858,8629748,6
5553367,8629748,8
5530906,8629748,7
5531792,8629748,9
5530880,8629748,8
5530390,8629748,6
5531014,8629748,6
5530549,8629748,8
5533802,8629748,4
5535103,8629748,4
5531776,8629748,8
5530815,8629748,9
5530960,8629748,1
5534502,8629748,4
5533364,8629748,4
5530669,8629748,4
5533644,8629748,4
5538647,8629748,4
5532037,8629748,4
5568009,8629748,7
5567095,8629748,8
5564770,8629748,8
5554726,8629748,8
5553743,8629748,10
5530886,8629748,6
5287720,8946378,8
5307220,8946378,9
5466823,8946378,9
5330464,8946378,8
5306243,8946378,10
5292110,8946378,8
5242101,8946378,10
5289289,8946378,9
5290872,8946378,6
5443482,8946378,4
5388405,8946378,6
5287053,8946378,6
5300613,8946378,4
5356852,8946378,5
5387671,8946378,6
5409378,8946378,6
5288960,8946378,8
5300639,8946378,8
5234475,8946378,10
5518682,8946378,7
5435808,8946378,5
5371329,8946378,6
5292439,8946378,4
5274728,8946378,10
5307812,8946378,5
5427918,2527338,2
5372534,2527338,3
5401935,2527338,2
5371378,2527338,2
5384693,2527338,2
5347043,2527338,2
5414392,2527338,2
5389328,2527338,3
5394373,2527338,1
5335311,2527338,5
5350137,2527338,4
5517328,2527338,2
5442085,2527338,2
5392395,2527338,2
5376687,2527338,2
5338979,2527338,1
5356803,2527338,2
5343049,2527338,3
5387505,2527338,5
5533776,2527338,2
5390052,2527338,2
5468106,2527338,2
5339952,2527338,1
5366499,2527338,1
5337967,2527338,3
5292617,4520988,1
5344415,4520988,2
5307475,4520988,3
5364283,4520988,1
5343844,4520988,2
5271210,4520988,6
5294353,4520988,3
5269320,4520988,9
5271618,4520988,6
5281745,4520988,3
5276638,4520988,1
5484298,4520988,10
5276042,4520988,6
5255594,4520988,7
5272854,4520988,3
5276402,4520988,10
5368528,4520988,2
5276188,4520988,1
5344496,4520988,2
5302817,4520988,1
5376137,4520988,1
5277996,4520988,2
5362930,4520988,2
5288179,4520988,1
5345115,4520988,1
5550932,3111426,8
5548713,3111426,8
5547865,3111426,7
5548584,3111426,6
5547925,3111426,8
5549146,3111426,7
5549139,3111426,7
5550478,3111426,5
5548548,3111426,7
5549874,3111426,3
5553682,3111426,5
5551128,3111426,5
5550566,3111426,3
5548646,3111426,9
5547862,3111426,6
5550843,3111426,1
5553658,3111426,5
5550495,3111426,5
5550273,3111426,8
5551030,3111426,10
5550262,3111426,8
5548554,3111426,2
5551280,3111426,1
5570153,3111426,7
5565683,3111426,4
5570803,1051906,6
5514131,1051906,7
5510109,1051906,8
5549610,1051906,4
5510135,1051906,9
5516011,1051906,6
5521390,1051906,4
5523153,1051906,3
5516496,1051906,4
5514022,1051906,5
5518791,1051906,1
5568224,1051906,1
5527924,1051906,1
5516526,1051906,1
5511821,1051906,9
5564350,1051906,9
5516343,1051906,1
5517981,1051906,1
5517098,1051906,2
5532265,1051906,6
5510873,1051906,9
5517004,1051906,
5521913,1051906,1
5522964,1051906,6
5527384,1051906,1
5566957,8244784,7
5563914,8244784,6
5549596,8244784,9
5570873,8244784,9
5543205,8244784,7
5565080,8244784,
5547060,8244784,9
5567207,8244784,8
5545917,8244784,7
5564378,8244784,10
5543522,8244784,5
5551461,8244784,10
5543290,8244784,4
5557085,8244784,8
5547050,8244784,7
5563822,8244784,7
5546849,8244784,7
5564998,8244784,9
5547212,8244784,7
5552997,8244784,4
5570871,8244784,9
5556880,8244784,4
5543381,8244784,9
5553951,8244784,10
5543384,8244784,7
5318396,8579674,10
5384922,8579674,10
5382122,8579674,10
5394852,8579674,10
5389758,8579674,10
5317466,8579674,10
5315851,8579674,9
5360598,8579674,10
5412781,8579674,7
5300749,8579674,10
5474158,8579674,10
5403730,8579674,6
5414373,8579674,5
5298899,8579674,9
5414601,8579674,7
5302763,8579674,8
5418003,8579674,5
5407736,8579674,6
5413892,8579674,6
5379712,8579674,6
5393345,8579674,9
5486056,8579674,9
5413081,8579674,5
5427763,8579674,2
5411562,8579674,2
5195256,6751668,10
4978432,6751668,10
5166061,6751668,8
5458413,6751668,10
5069482,6751668,10
5362398,6751668,10
5080349,6751668,10
5069158,6751668,10
5238242,6751668,10
5470380,6751668,7
5451118,6751668,10
5459301,6751668,10
5234889,6751668,10
4972695,6751668,9
5446179,6751668,9
5400852,6751668,8
4890234,6751668,
5382457,6751668,6
5389992,6751668,6
5065284,6751668,9
5462924,6751668,10
5401128,6751668,8
5432225,6751668,10
5408832,6751668,9
5362817,6751668,8
5299714,7975244,8
5303627,7975244,8
5304242,7975244,8
5308815,7975244,7
5310662,7975244,8
5341742,7975244,6
5308867,7975244,7
5301371,7975244,7
5311148,7975244,6
5306318,7975244,8
5306113,7975244,8
5309127,7975244,7
5304249,7975244,8
5520099,7975244,5
5309077,7975244,8
5300743,7975244,8
5320491,7975244,5
5319594,7975244,3
5323209,7975244,5
5306908,7975244,8
5312033,7975244,10
5518366,7975244,3
5303402,7975244,9
5312123,7975244,9
5308928,7975244,8
5357099,5727208,9
5450326,5727208,8
5122164,5727208,10
5124342,5727208,10
5348518,5727208,
5360280,5727208,8
5338743,5727208,9
5327376,5727208,4
5354812,5727208,3
5362781,5727208,1
5471712,5727208,1
5423738,5727208,2
5377957,5727208,3
5425799,5727208,4
5347900,5727208,2
5424442,5727208,1
5353676,5727208,9
5418538,5727208,1
5321751,5727208,5
5418375,5727208,1
5327550,5727208,1
5135529,5727208,9
5451231,5727208,1
5359416,5727208,1
5112196,5727208,8
5543416,1634106,6
5548482,1634106,3
5550373,1634106,1
5550150,1634106,4
5551806,1634106,2
5533382,1634106,4
5545581,1634106,1
5547154,1634106,2
5551516,1634106,1
5535877,1634106,4
5551120,1634106,1
5540907,1634106,3
5543289,1634106,2
5543017,1634106,
5532313,1634106,4
5552741,1634106,3
5530511,1634106,5
5534798,1634106,4
5543614,1634106,5
5544094,1634106,3
5533117,1634106,4
5559769,1634106,4
5553383,1634106,3
5535865,1634106,3
5535717,1634106,6
368807,114069,
5551185,114069,7
1007967,114069,8
368830,114069,9
1959231,114069,7
2561507,114069,7
5534364,114069,9
1374218,114069,7
368768,114069,6
368785,114069,10
3553292,114069,6
3585398,114069,7
3154316,114069,9
1105150,114069,8
368833,114069,
368765,114069,5
1120991,114069,7
368809,114069,5
368788,114069,
5559624,114069,8
1542814,114069,6
5563035,114069,8
2698534,114069,6
1367057,114069,5
3309788,114069,7
5237150,2584384,10
5232230,2584384,10
5352646,2584384,9
5231154,2584384,10
5226975,2584384,8
5109678,2584384,10
5239075,2584384,10
5127371,2584384,9
5222298,2584384,10
5491576,2584384,9
5238425,2584384,10
5373817,2584384,10
5217200,2584384,8
5123778,2584384,8
5247058,2584384,9
5489108,2584384,10
5111177,2584384,8
5460528,2584384,9
5212980,2584384,8
5516631,2584384,9
5516617,2584384,10
5375714,2584384,10
5238190,2584384,9
5492320,2584384,10
5304621,2584384,10
5440148,6394270,5
5411698,6394270,8
5426201,6394270,8
5415746,6394270,7
5430148,6394270,4
5341261,6394270,5
5364067,6394270,4
5390219,6394270,3
5459303,6394270,6
5348580,6394270,4
5420816,6394270,9
5333491,6394270,8
5449320,6394270,3
5331388,6394270,9
5425687,6394270,5
5423729,6394270,5
5358030,6394270,3
5366512,6394270,2
5334043,6394270,3
5317455,6394270,7
5334433,6394270,8
5366368,6394270,4
5338232,6394270,10
5407243,6394270,1
5442787,6394270,2
5019130,7131622,7
5021391,7131622,10
5019889,7131622,10
5022231,7131622,3
5077170,7131622,6
5080165,7131622,1
5018427,7131622,2
5077083,7131622,1
5024899,7131622,10
5094119,7131622,1
5030601,7131622,1
5114087,7131622,1
5063555,7131622,5
5079910,7131622,1
5068050,7131622,5
5023394,7131622,3
5009047,7131622,10
5114163,7131622,2
5019173,7131622,9
5042557,7131622,1
5017171,7131622,10
5040973,7131622,5
5085894,7131622,9
5017996,7131622,8
5063601,7131622,4
5527050,7146812,9
5533279,7146812,9
5572599,7146812,9
5518016,7146812,9
5501447,7146812,9
5502359,7146812,8
5517715,7146812,8
5534816,7146812,5
5545991,7146812,4
5534054,7146812,4
5520886,7146812,2
5546563,7146812,4
5519755,7146812,4
5536787,7146812,2
5542744,7146812,4
5541329,7146812,1
5518465,7146812,8
5534852,7146812,5
5518200,7146812,10
5530601,7146812,1
5515973,7146812,1
5528699,7146812,1
5508868,7146812,10
5534012,7146812,1
5518839,7146812,1
5524715,6105098,6
5008975,6105098,1
5006192,6105098,3
5032107,6105098,1
5027013,6105098,1
5027539,6105098,1
5008911,6105098,1
5024104,6105098,1
5001452,6105098,2
5052847,6105098,1
5007148,6105098,1
5003560,6105098,5
5002469,6105098,3
5040485,6105098,1
5042210,6105098,1
5027303,6105098,1
5049152,6105098,
5013549,6105098,1
5020898,6105098,1
5037897,6105098,1
5028613,6105098,
5045808,6105098,1
5005226,6105098,1
5002073,6105098,2
5042148,6105098,1
5485462,9214832,6
5489362,9214832,4
5487750,9214832,5
5532934,9214832,3
5498192,9214832,9
5546362,9214832,2
5493230,9214832,8
5482931,9214832,8
5517662,9214832,8
5484822,9214832,10
5563479,9214832,4
5491559,9214832,8
5490556,9214832,2
5480150,9214832,7
5523292,9214832,2
5493332,9214832,8
5530765,9214832,9
5500804,9214832,8
5519721,9214832,8
5530136,9214832,4
5493618,9214832,3
5536292,9214832,3
5487987,9214832,1
5505197,9214832,8
5527060,9214832,1
5112402,7286456,10
5159304,7286456,10
5168360,7286456,10
5092831,7286456,10
5160204,7286456,10
5092869,7286456,10
5160176,7286456,10
5159217,7286456,10
5093557,7286456,10
5092878,7286456,10
5460105,7286456,10
5093217,7286456,10
5159958,7286456,10
5165511,7286456,10
5162362,7286456,9
5502508,7286456,8
5159494,7286456,10
5165264,7286456,10
5096219,7286456,10
5190060,7286456,7
5160438,7286456,9
5293322,7286456,9
5394282,7286456,7
5166255,7286456,7
5207577,7286456,6
5261491,1950186,10
5259113,1950186,10
5269618,1950186,10
5090448,1950186,10
5477715,1950186,8
5271883,1950186,9
5483055,1950186,8
5112531,1950186,9
5275656,1950186,9
5258975,1950186,9
5236355,1950186,9
5236551,1950186,9
5100087,1950186,10
5271058,1950186,8
5119458,1950186,10
5412775,1950186,8
5261284,1950186,10
5236456,1950186,8
5474157,1950186,10
5285637,1950186,10
5471032,1950186,10
5468307,1950186,9
5420456,1950186,9
5457083,1950186,10
5270249,1950186,10
5504393,6644200,9
4124503,6644200,6
4506144,6644200,7
4791482,6644200,3
4129935,6644200,1
4120929,6644200,4
4123269,6644200,3
4267600,6644200,10
4242428,6644200,8
4119874,6644200,10
4127228,6644200,2
4149814,6644200,4
4155331,6644200,3
4141335,6644200,5
4453015,6644200,8
4128402,6644200,1
4128028,6644200,1
4118930,6644200,1
4759456,6644200,1
5202091,6644200,2
4114242,6644200,8
4121672,6644200,2
4120895,6644200,6
4120488,6644200,2
4136730,6644200,1
5481707,3794354,8
5486988,3794354,8
5486938,3794354,10
5481756,3794354,8
5483767,3794354,7
5478482,3794354,10
5481675,3794354,10
5481724,3794354,8
5503084,3794354,5
5478316,3794354,10
5480581,3794354,7
5481919,3794354,10
5480041,3794354,10
5478227,3794354,10
5497189,3794354,10
5487222,3794354,10
5480615,3794354,10
5477887,3794354,10
5481702,3794354,10
5482813,3794354,10
5486805,3794354,10
5481950,3794354,10
5479810,3794354,7
5481482,3794354,10
5478002,3794354,9
5534182,7713068,1
5550599,7713068,2
5534773,7713068,1
5462482,7713068,4
5474377,7713068,2
5476512,7713068,1
5469201,7713068,1
5570114,7713068,1
5477152,7713068,1
5470161,7713068,4
5473565,7713068,1
5462604,7713068,5
5461811,7713068,3
5474809,7713068,2
5471977,7713068,1
5475179,7713068,1
5488427,7713068,1
5469530,7713068,1
5471025,7713068,2
5469037,7713068,2
5463154,7713068,1
5463533,7713068,3
5474217,7713068,1
5470083,7713068,3
5488369,7713068,1
5366250,3281548,10
5430167,3281548,8
5391700,3281548,8
5389303,3281548,7
5372434,3281548,8
5410742,3281548,9
5390216,3281548,8
5383605,3281548,8
5327288,3281548,9
5416552,3281548,8
5372180,3281548,8
5411398,3281548,10
5370823,3281548,8
5353910,3281548,10
5420719,3281548,9
5457969,3281548,8
5435854,3281548,10
5412695,3281548,9
5410941,3281548,10
5408711,3281548,9
5371451,3281548,9
5434096,3281548,9
5431213,3281548,10
5425492,3281548,9
5374252,3281548,10
5480028,6806448,7
5157408,6806448,7
5158698,6806448,7
5203651,6806448,8
5198314,6806448,8
5174783,6806448,6
5051895,6806448,8
5116926,6806448,10
5058361,6806448,9
5071124,6806448,8
5157734,6806448,8
5050879,6806448,9
5094693,6806448,7
5105577,6806448,7
5156802,6806448,8
5162191,6806448,8
5051149,6806448,8
5056313,6806448,9
5055694,6806448,9
5170490,6806448,8
5205212,6806448,8
5114920,6806448,9
5203361,6806448,9
5061284,6806448,8
5060051,6806448,10
4975467,8772262,10
4975841,8772262,3
4979752,8772262,7
5095483,8772262,
4998649,8772262,2
4989871,8772262,2
4974536,8772262,1
4986943,8772262,1
5057967,8772262,2
4978357,8772262,1
5199786,8772262,1
5004677,8772262,1
5187912,8772262,1
5152164,8772262,1
4975339,8772262,1
4994012,8772262,2
5085134,8772262,1
5011488,8772262,1
5218085,8772262,1
5056212,8772262,1
5084481,8772262,1
4990024,8772262,1
5189077,8772262,1
5112825,8772262,1
4992443,8772262,1
5551830,4566758,1
5241904,5606664,10
5225285,5606664,9
5234978,5606664,8
5252055,5606664,8
5249097,5606664,8
5500362,5606664,7
5225357,5606664,10
5226768,5606664,7
5244476,5606664,4
5248826,5606664,8
5275724,5606664,4
5225151,5606664,8
5227385,5606664,6
5249320,5606664,8
5250170,5606664,4
5245715,5606664,8
5251129,5606664,4
5233294,5606664,3
5241241,5606664,5
5320066,5606664,5
5253050,5606664,4
5245704,5606664,1
5231161,5606664,6
5245577,5606664,1
5244552,5606664,1
5349210,5697572,1
5345606,5697572,1
5342483,5697572,1
5357923,5697572,1
5355544,5697572,1
5357557,5697572,1
5349673,5697572,1
5353770,5697572,
5338882,5697572,1
5366906,5697572,1
5355823,5697572,1
5353789,5697572,1
5353023,5697572,1
5338183,5697572,1
5384428,5697572,1
5455522,5697572,1
5346665,5697572,1
5350446,5697572,1
5339442,5697572,1
5336910,5697572,1
5336678,5697572,1
5364809,5697572,1
5335256,5697572,1
5342794,5697572,1
5340663,5697572,2
5548706,9779516,8
5545646,9779516,9
5549302,9779516,9
5547320,9779516,10
5549582,9779516,
5546368,9779516,7
5549237,9779516,10
5546919,9779516,10
5546872,9779516,10
5552623,9779516,5
5556732,9779516,2
5550387,9779516,9
5570037,9779516,9
5551158,9779516,10
5551467,9779516,10
5551261,9779516,9
5553533,9779516,8
5551912,9779516,10
5546870,9779516,10
5562709,9779516,7
5557549,9779516,9
5556900,9779516,8
5556749,9779516,7
5555864,9779516,10
5555371,9779516,10
5568802,8228288,8
5570044,8228288,9
5567722,8228288,8
5570705,8228288,7
5563878,8228288,8
5565384,8228288,7
5569842,8228288,7
5108821,8228288,9
5568959,8228288,7
5564301,8228288,8
5569534,8228288,9
5567537,8228288,6
5564597,8228288,7
5564494,8228288,7
5565903,8228288,5
5572369,8228288,8
5570741,8228288,7
5567145,8228288,5
5569513,8228288,10
5564117,8228288,8
5114885,8228288,10
5123686,8228288,8
5568386,8228288,9
5568145,8228288,5
5567433,8228288,10
2284594,111161,10
349418,111161,10
1288098,111161,10
348718,111161,
1221355,111161,10
1822343,111161,10
349147,111161,10
348302,111161,10
348222,111161,10
4203332,111161,10
348953,111161,
5504423,111161,10
349059,111161,10
348349,111161,10
348616,111161,10
1995580,111161,10
348829,111161,8
3689695,111161,10
3870888,111161,10
2832964,111161,10
2833159,111161,10
349151,111161,10
1790341,111161,10
1469093,111161,10
3370884,111161,10
5353943,5814534,7
5358579,5814534,8
5357455,5814534,7
5393272,5814534,7
5374335,5814534,5
5571420,5814534,7
5515017,5814534,
5356215,5814534,7
5439199,5814534,8
5320446,5814534,8
5354475,5814534,10
5389404,5814534,8
5387633,5814534,8
5517144,5814534,8
5481376,5814534,10
5361229,5814534,7
5360369,5814534,7
5356820,5814534,9
5378844,5814534,5
5384173,5814534,4
5396747,5814534,9
5384692,5814534,3
5401160,5814534,10
5357375,5814534,6
5382217,5814534,1
5547725,4858674,6
5557756,4858674,10
5549100,4858674,6
5549710,4858674,9
5549326,4858674,5
5549532,4858674,7
5549299,4858674,3
5551277,4858674,8
5551323,4858674,7
5553550,4858674,
5550218,4858674,2
5554425,4858674,4
5549897,4858674,1
5554896,4858674,2
5553200,4858674,1
5548661,4858674,2
5557043,4858674,10
5554423,4858674,7
5551847,4858674,8
5551396,4858674,8
5549722,4858674,10
5552064,4858674,7
5551978,4858674,7
5549193,4858674,1
5552989,4858674,10
5248454,6924650,10
5220617,6924650,8
5247591,6924650,9
5244824,6924650,10
5245891,6924650,10
5245004,6924650,8
5264682,6924650,5
5283268,6924650,5
5251555,6924650,9
5248041,6924650,10
5254747,6924650,4
5245369,6924650,7
5380845,6924650,5
5244803,6924650,10
5244004,6924650,8
5261938,6924650,6
5236979,6924650,8
5244739,6924650,10
5242831,6924650,10
5240291,6924650,9
5240983,6924650,10
5248993,6924650,6
5244722,6924650,10
5250203,6924650,3
5253162,6924650,1
5308460,5033998,1
5265237,5033998,3
5264392,5033998,
5260625,5033998,2
5259095,5033998,1
5266966,5033998,1
5318935,5033998,2
5257835,5033998,2
5276127,5033998,3
5261201,5033998,1
5261028,5033998,1
5303260,5033998,1
5266116,5033998,2
5317425,5033998,1
5256117,5033998,1
5254724,5033998,2
5261107,5033998,1
5320436,5033998,2
5351349,5033998,2
5265140,5033998,2
5262304,5033998,2
5261575,5033998,1
5272755,5033998,1
5258398,5033998,1
5263138,5033998,3
5290809,1302006,10
5243418,1302006,10
5285667,1302006,8
5294395,1302006,5
5294734,1302006,
5147109,1302006,9
5284982,1302006,6
5295294,1302006,5
5186476,1302006,6
5286229,1302006,6
5273061,1302006,10
5247891,1302006,6
5286521,1302006,6
5419020,1302006,1
5149934,1302006,9
5242165,1302006,7
5287134,1302006,2
5264635,1302006,3
5186577,1302006,9
5286016,1302006,6
5258554,1302006,1
5265813,1302006,3
5292911,1302006,8
5274877,1302006,2
5269547,1302006,1
4800807,4154796,10
5485015,4154796,8
4805133,4154796,6
4802892,4154796,10
4799176,4154796,10
5069720,4154796,1
5068522,4154796,1
4827333,4154796,2
5062674,4154796,1
5062843,4154796,1
4953817,4154796,1
5064060,4154796,1
5037970,4154796,1
4969798,4154796,1
4967637,4154796,1
5059298,4154796,1
4865879,4154796,1
4865059,4154796,1
4910381,4154796,1
4920246,4154796,1
5042181,4154796,1
5050947,4154796,1
4914339,4154796,1
4895344,4154796,1
5055153,4154796,1
5059788,8079248,7
4965267,8079248,10
4964587,8079248,9
4970159,8079248,6
4949601,8079248,10
4992735,8079248,6
5298127,8079248,7
4827957,8079248,9
4963025,8079248,8
4946951,8079248,6
5093915,8079248,5
4961544,8079248,9
4978225,8079248,4
4965962,8079248,6
4935016,8079248,8
4965783,8079248,10
4963191,8079248,10
4947050,8079248,9
4966942,8079248,10
4976054,8079248,8
4964316,8079248,10
4968967,8079248,10
4978471,8079248,10
4946780,8079248,5
4912191,8079248,8
5532336,8366590,1
5530120,8366590,1
5531028,8366590,1
5530159,8366590,1
5531430,8366590,1
5530125,8366590,1
5529956,8366590,1
5530446,8366590,1
5530423,8366590,1
5530030,8366590,1
5530057,8366590,1
5530236,8366590,1
5530352,8366590,1
5531101,8366590,1
5529992,8366590,2
5530862,8366590,1
5531388,8366590,1
5531136,8366590,1
5531759,8366590,1
5530430,8366590,2
5531200,8366590,1
5529972,8366590,1
5531201,8366590,1
5530597,8366590,1
5530605,8366590,1
5315807,3513548,10
5319771,3513548,9
5314046,3513548,10
5412746,3513548,9
5271723,3513548,9
5334613,3513548,
5329164,3513548,10
5319165,3513548,7
5373047,3513548,10
5324678,3513548,
5333627,3513548,9
5324276,3513548,8
5324062,3513548,10
5286000,3513548,10
5325801,3513548,10
5322738,3513548,8
5319430,3513548,8
5320862,3513548,9
5323907,3513548,8
5322613,3513548,10
5324069,3513548,10
5329412,3513548,10
5324058,3513548,10
5341329,3513548,7
5320169,3513548,9
5563527,3824648,7
5561628,3824648,3
5553964,3824648,7
5548403,3824648,9
5558696,3824648,9
5549339,3824648,10
5561045,3824648,3
5555011,3824648,9
5548469,3824648,10
5548380,3824648,10
5550325,3824648,8
5551465,3824648,10
5568247,3824648,6
5563966,3824648,8
5549097,3824648,7
5551449,3824648,8
5550175,3824648,7
5550106,3824648,3
5550250,3824648,
5564788,3824648,5
5556216,3824648,8
5555048,3824648,7
5552310,3824648,8
5554267,3824648,10
5552302,3824648,10
5372497,8367814,8
5376548,8367814,9
5371151,8367814,9
5373591,8367814,9
5373246,8367814,10
5373447,8367814,10
5370885,8367814,9
5378909,8367814,9
5372815,8367814,10
5375382,8367814,9
5373647,8367814,8
5373581,8367814,10
5371819,8367814,9
5423690,8367814,8
5380711,8367814,9
5375925,8367814,10
5376378,8367814,8
5372949,8367814,10
5382399,8367814,8
5372787,8367814,8
5417710,8367814,9
5382302,8367814,9
5384159,8367814,9
5374619,8367814,8
5406771,8367814,8
5340533,9071322,9
5292731,9071322,
5302755,9071322,9
5304564,9071322,9
5422188,9071322,9
5347607,9071322,9
5395586,9071322,10
5424646,9071322,8
5420484,9071322,8
5285671,9071322,8
5346411,9071322,10
5311291,9071322,10
5295889,9071322,8
5304852,9071322,10
5304633,9071322,8
5417060,9071322,9
5283926,9071322,9
5372087,9071322,10
5334163,9071322,8
5366535,9071322,8
5308980,9071322,9
5315761,9071322,9
5304503,9071322,10
5275306,9071322,10
5330250,9071322,9
5378024,3612126,3
5439583,3612126,7
5384408,3612126,8
5374810,3612126,3
5397463,3612126,7
5379742,3612126,8
5374955,3612126,8
5379236,3612126,8
5381826,3612126,1
5386027,3612126,8
5384637,3612126,8
5414705,3612126,10
5384837,3612126,7
5377062,3612126,8
5376828,3612126,8
5375617,3612126,8
5383830,3612126,10
5391565,3612126,9
5382161,3612126,10
5436390,3612126,8
5383643,3612126,8
5407942,3612126,10
5381543,3612126,3
5394220,3612126,9
5388049,3612126,10
5287703,8781414,9
5288104,8781414,7
5292313,8781414,8
5290616,8781414,8
5290846,8781414,8
5292290,8781414,9
5293585,8781414,9
5287362,8781414,10
5288325,8781414,8
5292364,8781414,10
5121653,8781414,8
5290186,8781414,9
5287192,8781414,7
5295340,8781414,9
5288640,8781414,9
5124809,8781414,8
5292892,8781414,10
4345151,8781414,9
5301110,8781414,10
5290834,8781414,8
5287431,8781414,10
5424351,8781414,9
5291504,8781414,9
5287548,8781414,7
5128929,8781414,8
5560061,4916630,9
5204819,4916630,10
5419460,4916630,5
5372841,4916630,8
5427862,4916630,9
5164264,4916630,10
5111010,4916630,8
5430020,4916630,10
5175445,4916630,7
5387878,4916630,9
5418615,4916630,10
5415901,4916630,6
5387726,4916630,10
5431454,4916630,5
5394378,4916630,8
5400855,4916630,10
5313767,4916630,10
5412555,4916630,10
5444167,4916630,3
5322436,4916630,8
5400571,4916630,8
5420270,4916630,9
5434043,4916630,5
5561967,4916630,1
5318041,4916630,8
4119988,2283362,10
4122201,2283362,10
4012604,2283362,9
5274516,2283362,8
5231344,2283362,8
3877510,2283362,9
4025239,2283362,10
4118985,2283362,7
4012603,2283362,10
4089601,2283362,10
4010447,2283362,9
5333386,2283362,7
3877742,2283362,8
3878493,2283362,6
4010053,2283362,10
5117737,2283362,3
4014139,2283362,10
4010121,2283362,9
5236273,2283362,7
4008103,2283362,9
4011893,2283362,9
4145850,2283362,4
4019389,2283362,10
4041769,2283362,7
4007068,2283362,8
5518105,6902676,4
5519345,6902676,7
5517074,6902676,7
5490512,6902676,8
5523892,6902676,7
5517942,6902676,3
5522862,6902676,2
5516366,6902676,3
5515424,6902676,7
5521599,6902676,1
5518618,6902676,2
5518131,6902676,2
5522420,6902676,1
5516488,6902676,8
5526541,6902676,7
5518527,6902676,1
5516976,6902676,1
5529361,6902676,1
5517676,6902676,4
5475071,6902676,5
5517722,6902676,2
5521893,6902676,4
5514933,6902676,10
5519900,6902676,8
5518224,6902676,2
5318845,8106534,7
5318299,8106534,8
5318166,8106534,8
5317871,8106534,4
5460096,8106534,8
5317812,8106534,3
5318106,8106534,5
5319987,8106534,2
5318214,8106534,2
5323101,8106534,1
5319971,8106534,1
5319994,8106534,1
5318449,8106534,1
5345505,8106534,1
5320145,8106534,2
5325094,8106534,4
5317964,8106534,2
5347494,8106534,3
5318309,8106534,1
5317843,8106534,3
5318116,8106534,9
5325250,8106534,2
5318537,8106534,2
5318944,8106534,8
5323786,8106534,7
5549136,4106514,7
5550884,4106514,6
5553202,4106514,4
5550203,4106514,5
5548947,4106514,5
5552449,4106514,9
5550108,4106514,7
5549471,4106514,6
5547452,4106514,
5550288,4106514,7
5553871,4106514,9
5555194,4106514,8
5567878,4106514,5
5563384,4106514,5
5561412,4106514,4
5560240,4106514,4
5556927,4106514,2
5560935,4106514,6
5556090,4106514,2
5563901,4106514,3
5572622,4106514,4
5567944,4106514,8
5566861,4106514,5
5564468,4106514,9
5558645,4106514,5
4939112,1979376,9
4971477,1979376,2
4949863,1979376,10
4961194,1979376,1
4955371,1979376,1
4954750,1979376,1
4952342,1979376,6
4962723,1979376,1
4950836,1979376,1
5022096,1979376,1
4946827,1979376,5
4942709,1979376,10
4951891,1979376,1
5057117,1979376,2
4952339,1979376,1
4982137,1979376,1
4952325,1979376,4
4992463,1979376,1
4969137,1979376,1
4961471,1979376,3
4947785,1979376,10
4955200,1979376,3
4953643,1979376,1
4949175,1979376,7
4977121,1979376,1
5436928,4844140,4
5497173,4844140,8
5406189,4844140,
5413850,4844140,2
5518429,4844140,5
5440447,4844140,7
5456484,4844140,8
5436664,4844140,1
5407583,4844140,6
5437504,4844140,4
5440119,4844140,8
5407632,4844140,2
5407118,4844140,2
5437507,4844140,
5434931,4844140,1
5437880,4844140,1
5436897,4844140,1
5425142,4844140,5
5437899,4844140,2
5451244,4844140,10
5437659,4844140,10
5437713,4844140,2
5437268,4844140,1
5437771,4844140,8
5407151,4844140,2
5272504,3224458,10
5276744,3224458,9
5267215,3224458,10
5107413,3224458,10
5275045,3224458,
5108540,3224458,9
5452234,3224458,10
5268213,3224458,10
5272591,3224458,10
5283375,3224458,8
5283457,3224458,6
5195472,3224458,8
5273571,3224458,10
5279837,3224458,9
5281895,3224458,6
5272571,3224458,7
5280268,3224458,6
5290267,3224458,4
5266294,3224458,9
5271300,3224458,10
5117940,3224458,9
5273062,3224458,8
5255683,3224458,10
5266178,3224458,9
5275211,3224458,6
5409539,6450804,6
5234046,6450804,5
5232176,6450804,3
5278392,6450804,3
5210379,6450804,1
5214574,6450804,2
5234537,6450804,2
5214001,6450804,2
5413398,6450804,1
5209553,6450804,5
5216801,6450804,2
5270419,6450804,1
5412799,6450804,1
5212831,6450804,1
5431952,6450804,2
5212694,6450804,4
5214673,6450804,1
5212636,6450804,5
5412666,6450804,2
5235731,6450804,1
5214404,6450804,1
5212874,6450804,2
5563778,6450804,4
5216100,6450804,1
5215001,6450804,1
5565750,6285944,10
5564353,6285944,8
5564685,6285944,9
5565673,6285944,8
5564327,6285944,8
5566346,6285944,9
5566768,6285944,8
5564873,6285944,9
5565534,6285944,
5565242,6285944,10
5565270,6285944,10
5567063,6285944,9
5564815,6285944,10
5567298,6285944,10
5563791,6285944,8
5567695,6285944,10
5565544,6285944,9
5564431,6285944,10
5572375,6285944,9
5531066,6285944,10
5566128,6285944,9
5544427,6285944,9
5549248,6285944,9
5566154,6285944,9
5566044,6285944,10
821504,289043,9
988550,289043,8
821780,289043,
1147206,289043,8
821420,289043,10
821781,289043,
821787,289043,
1552075,289043,9
1077088,289043,9
821465,289043,8
949846,289043,7
820768,289043,
821110,289043,8
1107530,289043,8
1038019,289043,7
1013207,289043,5
1085800,289043,3
1680373,289043,1
821205,289043,1
820778,289043,1
1969474,289043,9
5070862,289043,8
821668,289043,
821682,289043,10
1034337,289043,9
3038370,68646,
5505349,68646,10
4059579,68646,10
1183339,68646,10
1897116,68646,10
123309,68646,10
3827879,68646,10
1496808,68646,10
123518,68646,9
4756923,68646,10
1414680,68646,10
1440327,68646,10
1901277,68646,10
123163,68646,10
1118627,68646,10
123143,68646,10
4162005,68646,10
123344,68646,9
123756,68646,8
123379,68646,10
4711251,68646,10
3381619,68646,10
3205452,68646,10
1066533,68646,10
4187725,68646,9
5409002,9185066,
5564831,9185066,5
5564488,9185066,5
5565177,9185066,2
5566979,9185066,1
5566363,9185066,2
5565843,9185066,
5566475,9185066,4
5567996,9185066,1
5567620,9185066,1
5565918,9185066,3
5568002,9185066,1
5567819,9185066,3
5568482,9185066,1
5568348,9185066,2
5568377,9185066,1
5566143,9185066,6
5568366,9185066,4
5568275,9185066,6
5567374,9185066,4
5571918,9185066,6
5568597,9185066,3
5568543,9185066,2
5568184,9185066,
5563815,9185066,8
5489629,7984734,8
5224142,7984734,8
4885484,7984734,10
5170828,7984734,10
5234311,7984734,7
5206949,7984734,6
5223059,7984734,6
5348767,7984734,6
5200210,7984734,10
5213892,7984734,3
5222623,7984734,1
5338267,7984734,3
5146828,7984734,9
5371196,7984734,3
5551900,7984734,4
5120348,7984734,10
5554463,7984734,2
5175046,7984734,10
5194497,7984734,8
5195932,7984734,6
5213737,7984734,3
5046422,7984734,10
5283563,7984734,4
5559736,7984734,1
5232355,7984734,9
5566902,5797184,8
5532832,5797184,7
5529043,5797184,8
5530474,5797184,8
5536221,5797184,9
5533010,5797184,7
5531385,5797184,8
5530606,5797184,8
5537276,5797184,7
5530222,5797184,3
5533595,5797184,10
5533022,5797184,6
5535894,5797184,1
5530914,5797184,10
5540695,5797184,1
5530898,5797184,7
5536580,5797184,10
5534367,5797184,10
5560092,5797184,1
5535805,5797184,2
5539096,5797184,10
5547567,5797184,1
5531803,5797184,10
5536033,5797184,8
5529059,5797184,2
5528257,8544498,10
5529374,8544498,10
5530100,8544498,10
5541892,8544498,9
5527826,8544498,7
5529049,8544498,7
5530771,8544498,7
5542163,8544498,8
5534640,8544498,9
5529224,8544498,7
5536934,8544498,10
5555718,8544498,1
5531461,8544498,9
5535344,8544498,9
5534989,8544498,10
5542104,8544498,7
5540081,8544498,9
5559398,8544498,5
5543884,8544498,9
5542217,8544498,9
5541764,8544498,9
5534570,8544498,5
5535621,8544498,9
5532346,8544498,3
5539371,8544498,2
5498809,1825683,7
4411549,1825683,5
4066333,1825683,1
4612185,1825683,1
4096359,1825683,2
4063466,1825683,1
4840132,1825683,1
4608337,1825683,1
4127576,1825683,2
4066481,1825683,1
4066483,1825683,1
4313598,1825683,4
4084735,1825683,1
4153976,1825683,1
4583191,1825683,1
4095461,1825683,1
4077933,1825683,4
4093919,1825683,1
4153383,1825683,1
4063321,1825683,2
4064090,1825683,1
4153952,1825683,1
4064605,1825683,2
4069210,1825683,7
4064060,1825683,4
4093588,1856101,9
3824638,1856101,10
4518323,1856101,
3839067,1856101,6
4517957,1856101,
4527238,1856101,
3838447,1856101,3
4377164,1856101,
4133629,1856101,
3840955,1856101,
4958141,1856101,4
4568087,1856101,5
4234831,1856101,
4596850,1856101,5
4702241,1856101,3
4163738,1856101,4
4623999,1856101,2
4939583,1856101,
5197835,1856101,
4300353,1856101,2
3852370,1856101,2
4976173,1856101,5
5082986,1856101,3
5314836,1856101,3
5216815,1856101,5
1914442,468569,10
1908115,468569,10
5498123,468569,9
4392977,468569,9
1914603,468569,10
5478826,468569,10
2547740,468569,10
2549918,468569,10
1917099,468569,9
5170387,468569,10
1906861,468569,10
1911634,468569,10
1911625,468569,10
1911969,468569,10
1911671,468569,10
1906866,468569,10
1911642,468569,10
1912337,468569,10
1910485,468569,10
5154881,468569,10
5168237,468569,10
1913741,468569,10
2599771,468569,10
1910488,468569,8
5171645,468569,10
5196009,1560220,8
5332088,1560220,4
5180808,1560220,10
5223328,1560220,1
5356439,1560220,7
5199481,1560220,2
5330652,1560220,2
5252480,1560220,2
5195304,1560220,7
5204382,1560220,2
5393194,1560220,6
5341489,1560220,5
5228014,1560220,2
5330215,1560220,1
5201477,1560220,1
5202095,1560220,9
5193997,1560220,6
5196934,1560220,1
5460082,1560220,8
5192721,1560220,1
5225955,1560220,7
5200756,1560220,1
5391362,1560220,2
5196891,1560220,1
5222166,1560220,7
5556178,3907584,9
5515902,3907584,9
5515384,3907584,5
5525473,3907584,10
5516559,3907584,10
5520337,3907584,9
5515852,3907584,6
5514833,3907584,2
5515074,3907584,1
5519946,3907584,8
5520543,3907584,8
5518804,3907584,4
5515661,3907584,9
5519243,3907584,9
5517650,3907584,6
5515928,3907584,4
5526660,3907584,6
5517922,3907584,9
5516405,3907584,6
5518743,3907584,5
5515203,3907584,7
5516779,3907584,2
5566404,3907584,10
5519237,3907584,9
5517817,3907584,3
4191275,241527,9
716954,241527,10
4101904,241527,8
716813,241527,
716941,241527,7
970435,241527,10
717055,241527,8
717220,241527,
979994,241527,
716782,241527,10
4941621,241527,10
716889,241527,
4014408,241527,8
3716277,241527,8
1561306,241527,10
4225284,241527,8
717340,241527,7
4727039,241527,10
2250963,241527,7
3545723,241527,8
3525024,241527,8
716835,241527,7
5063142,241527,10
4897284,241527,9
1478805,241527,10
4692192,1375666,10
2299419,1375666,9
2276780,1375666,10
2279333,1375666,10
2410281,1375666,9
2278645,1375666,10
2276778,1375666,10
2278646,1375666,10
2277985,1375666,10
2278319,1375666,10
2277952,1375666,10
2279612,1375666,8
2280465,1375666,10
2282406,1375666,6
2285156,1375666,5
2285819,1375666,9
2286063,1375666,1
2282241,1375666,3
2300362,1375666,2
2282469,1375666,4
4191222,1375666,9
2348361,1375666,1
2284505,1375666,1
2281569,1375666,10
2282772,1375666,6
5204599,7456310,8
5478013,7456310,8
5422756,7456310,7
5123874,7456310,7
5121135,7456310,8
5371444,7456310,8
5120584,7456310,7
5141074,7456310,7
4953630,7456310,1
4963815,7456310,2
5139185,7456310,7
5136007,7456310,1
4956578,7456310,2
4970931,7456310,3
4986581,7456310,2
4963270,7456310,3
4950922,7456310,1
4949313,7456310,9
5120278,7456310,8
4971172,7456310,3
5433084,7456310,9
5192732,7456310,7
4948567,7456310,4
4955579,7456310,3
4979116,7456310,4
5478040,437086,9
4654292,437086,9
4627615,437086,9
4630076,437086,10
4628006,437086,9
4628151,437086,9
4628951,437086,9
4657792,437086,9
4660702,437086,8
4658144,437086,10
4657198,437086,10
4684685,437086,7
4637877,437086,9
4643833,437086,9
4629163,437086,9
4658738,437086,10
4628642,437086,10
4627604,437086,9
4627730,437086,8
4628118,437086,10
4659160,437086,10
4629453,437086,10
4729913,437086,10
4638835,437086,3
4658360,437086,10
3059025,2015381,10
3059143,2015381,9
3060208,2015381,9
3060227,2015381,10
3060357,2015381,8
3060200,2015381,10
3059111,2015381,9
3058993,2015381,10
3071558,2015381,
4201418,2015381,9
3060354,2015381,10
3124861,2015381,8
3074194,2015381,8
3069612,2015381,4
3066603,2015381,5
3077264,2015381,1
3079324,2015381,1
3068977,2015381,1
3062942,2015381,4
3089578,2015381,1
5011980,2015381,10
3068428,2015381,1
3075228,2015381,9
3079654,2015381,5
3075059,2015381,10
5551462,6587640,7
5557441,6587640,6
5549729,6587640,
5558451,6587640,6
5556674,6587640,10
5554837,6587640,10
5560109,6587640,6
5508346,7456312,1
5500296,7456312,3
5499550,7456312,3
5501442,7456312,3
5499191,7456312,5
5501399,7456312,1
5504000,7456312,4
5501899,7456312,4
5500880,7456312,3
5499247,7456312,3
5499566,7456312,4
5501060,7456312,2
5500737,7456312,1
5506691,7456312,1
5500554,7456312,1
5500856,7456312,1
5501127,7456312,1
5505162,7456312,2
5508277,7456312,3
5525829,7456312,7
5517560,7456312,1
5500617,7456312,2
5505086,7456312,1
5501150,7456312,2
5499792,7456312,3
5537939,8372298,10
5567394,8372298,1
5244924,8372298,7
5560697,8372298,4
5549832,8372298,3
5320997,8372298,9
5548976,8372298,3
5231108,8372298,8
5559627,8372298,3
5570360,8372298,5
5532396,8372298,7
5551966,8372298,1
5547157,8372298,6
5531132,8372298,9
5536295,8372298,9
5556457,8372298,3
5558914,8372298,4
5538475,8372298,
5531379,8372298,7
5533481,8372298,7
5535492,8372298,8
5573504,8372298,7
5533208,8372298,6
5551390,8372298,6
5345067,8372298,6
2040145,102057,9
1047944,102057,10
1985083,102057,
2225176,102057,10
2992052,102057,7
2825748,102057,10
4232384,102057,10
2053512,102057,9
3058777,102057,8
2767524,102057,
2051056,102057,10
295117,102057,6
3855183,102057,10
4552236,102057,10
4352898,102057,9
1990715,102057,10
1989308,102057,10
2074810,102057,7
4910719,102057,7
3839649,102057,8
5232217,102057,9
3123637,102057,7
2228305,102057,7
2050225,102057,8
2029711,102057,10
5381030,7653254,10
5564616,7653254,10
5234980,7653254,10
5232174,7653254,9
5256240,7653254,10
5466537,7653254,9
5430192,7653254,8
5358097,7653254,10
5535177,7653254,9
5513233,7653254,8
5506752,7653254,10
5500429,7653254,9
5540389,7653254,9
5463405,7653254,10
5461856,7653254,8
5171099,7653254,9
5499243,7653254,8
5311888,7653254,9
5221841,7653254,10
5368797,7653254,6
5281062,7653254,9
5413645,7653254,6
5419328,7653254,7
5318777,7653254,6
5314615,7653254,4
3125920,1706620,
2984410,1706620,5
4857555,1706620,9
3291160,1706620,8
3492855,1706620,9
3097111,1706620,
4599826,1706620,8
4713260,1706620,7
2989759,1706620,3
2987830,1706620,3
3097238,1706620,2
2998657,1706620,8
4837768,1706620,8
2917984,1706620,
2995164,1706620,1
2852799,1706620,10
2985908,1706620,9
2990408,1706620,3
2849651,1706620,9
4835772,1706620,9
2903414,1706620,9
2992699,1706620,1
2986196,1706620,10
2986079,1706620,1
3004872,1706620,1
4881438,6139732,8
5044727,6139732,
4994894,6139732,3
4994433,6139732,1
4959263,6139732,1
4883619,6139732,8
4980265,6139732,3
5045095,6139732,1
5043446,6139732,1
4937054,6139732,3
4958496,6139732,2
5011626,6139732,4
4949944,6139732,2
5046405,6139732,1
5027833,6139732,1
4943236,6139732,1
4995733,6139732,2
4905727,6139732,2
4930826,6139732,2
4971812,6139732,1
5047383,6139732,2
4889106,6139732,9
5045802,6139732,1
4883237,6139732,9
4905241,6139732,2
5311270,6521876,3
5209889,6521876,5
5312133,6521876,1
5191093,6521876,8
5289043,6521876,1
5312484,6521876,4
5296361,6521876,1
5393630,6521876,1
5191641,6521876,3
5491554,6521876,2
5489275,6521876,4
5497262,6521876,3
5395935,6521876,5
5437000,6521876,6
5216826,6521876,1
5446657,6521876,1
5393871,6521876,2
5392705,6521876,8
5395463,6521876,1
5394473,6521876,1
5394569,6521876,2
5523002,6521876,2
5191058,6521876,3
5307245,6521876,5
5449341,6521876,2
5485023,2294629,10
3065858,2294629,8
2911317,2294629,10
2938208,2294629,7
2919764,2294629,8
2990041,2294629,
2954102,2294629,3
2911265,2294629,10
2921079,2294629,6
2938101,2294629,5
2913564,2294629,1
2939287,2294629,1
2985690,2294629,1
2911402,2294629,10
2913534,2294629,1
2948056,2294629,3
2912022,2294629,10
3005290,2294629,1
2920411,2294629,1
2933871,2294629,7
2966073,2294629,3
2912638,2294629,9
2912671,2294629,9
2972469,2294629,5
2917173,2294629,10
5125642,5503686,6
5211483,5503686,3
5118768,5503686,3
5119716,5503686,1
5136272,5503686,1
5121401,5503686,1
5123601,5503686,
5126836,5503686,1
5127566,5503686,1
5119234,5503686,1
5232419,5503686,8
5511901,5503686,1
5123196,5503686,1
5120893,5503686,1
5302517,5503686,
5142697,5503686,6
5119625,5503686,1
5122017,5503686,3
5122582,5503686,1
5114535,5503686,1
5449979,5503686,5
5129490,5503686,1
5126440,5503686,4
5199483,5503686,8
5116173,5503686,2
5432675,8116640,7
5442372,8116640,8
5419905,8116640,7
5560527,8116640,7
5441865,8116640,10
5553121,8116640,5
5573563,8116640,5
5572090,8116640,3
5569835,8116640,4
5419021,8116640,10
5550696,8116640,8
5562341,8116640,1
5559077,8116640,1
5567618,8116640,8
2923502,99685,10
282597,99685,10
958649,99685,10
2159982,99685,10
1058502,99685,10
282311,99685,9
1165731,99685,10
282302,99685,
282591,99685,
1049507,99685,8
282521,99685,10
1058978,99685,10
282531,99685,
1142539,99685,10
1289820,99685,10
1842091,99685,10
282420,99685,
282589,99685,6
1226414,99685,3
1608230,99685,4
5509450,99685,10
5458308,99685,10
5295964,99685,10
282619,99685,7
1834962,99685,
5145037,816692,10
3217100,816692,10
4961107,816692,10
3215295,816692,10
3117999,816692,10
3371435,816692,10
3115164,816692,10
5166869,816692,10
3119344,816692,
3116978,816692,9
3117657,816692,10
4787432,816692,10
3117232,816692,10
3117522,816692,9
3117579,816692,10
3451169,816692,10
3213513,816692,9
3122005,816692,10
3117671,816692,10
3122637,816692,10
3122943,816692,10
3119426,816692,10
3117782,816692,10
3117913,816692,10
3118896,816692,7
179774,81505,
180145,81505,
179913,81505,
1634260,81505,9
179869,81505,9
179898,81505,
179932,81505,
180193,81505,10
1195042,81505,
179828,81505,10
1980444,81505,
1030037,81505,8
2873010,81505,1
3288535,81505,5
4823775,81505,4
179991,81505,
3807000,81505,9
2248160,81505,1
2144123,81505,1
1793209,81505,10
4689561,81505,7
1849999,81505,5
2004519,81505,1
179862,81505,1
1761454,81505,9
5453706,1502397,10
5413657,1502397,10
5411700,1502397,8
5422079,1502397,10
5420773,1502397,10
5410527,1502397,10
5414462,1502397,10
5435018,1502397,10
5434586,1502397,10
5433640,1502397,10
5433571,1502397,10
5430112,1502397,10
5429773,1502397,10
5427232,1502397,10
5444615,1502397,10
5422098,1502397,10
5414950,1502397,10
5423765,1502397,10
5444854,1502397,10
5424499,1502397,10
5434534,1502397,10
5444465,1502397,10
5440137,1502397,10
5434925,1502397,10
5428961,1502397,10
4892511,6146586,6
4864652,6146586,6
4982369,6146586,2
5483313,6146586,10
4868283,6146586,1
4988128,6146586,2
4870726,6146586,4
4860412,6146586,9
4932559,6146586,1
4895468,6146586,1
4892823,6146586,3
4993039,6146586,1
4999970,6146586,5
4990871,6146586,2
4856126,6146586,10
4854296,6146586,10
4939078,6146586,3
4933889,6146586,1
4911854,6146586,1
4887603,6146586,5
4862259,6146586,6
4855764,6146586,6
4854967,6146586,10
5015175,6146586,4
4858493,6146586,9
5502167,480249,8
1780640,480249,7
1789215,480249,
1779536,480249,5
1780045,480249,9
1821568,480249,
1780562,480249,6
1780541,480249,4
1780310,480249,8
1780147,480249,8
1780840,480249,5
1783456,480249,1
1780305,480249,8
1803202,480249,9
1780714,480249,1
1786607,480249,5
1789390,480249,1
1783919,480249,1
1790154,480249,1
1781771,480249,1
1799362,480249,1
1788692,480249,5
1790662,480249,1
1784264,480249,3
373387,114746,10
1019895,114746,
1730223,114746,9
3132394,114746,10
373456,114746,9
1139032,114746,10
2599590,114746,9
373618,114746,9
1151179,114746,9
2794017,114746,8
1527882,114746,8
373488,114746,10
373595,114746,
373659,114746,10
1129745,114746,10
1024448,114746,10
2613153,114746,9
1346245,114746,10
373652,114746,9
1806664,114746,10
1159841,114746,10
2584565,114746,8
373495,114746,9
2646614,114746,6
2767385,114746,9